Seed;Model_Architecture;Batch_Size;Init_Method;Pruning;Activation;Iterations;Gradient_Loss;PSNR
0;McMahan_CNN;1;xavier_normal_;small;ReLU;1200;0.018360137939453125;21.562262
0;McMahan_CNN;1;xavier_normal_;;ReLU;1200;0.0611453652381897;16.107855
0;McMahan_CNN;1;xavier_normal_;small;Sigmoid;1200;0.0;53.73002
0;McMahan_CNN;1;xavier_normal_;;Sigmoid;1200;1.1920928955078125e-07;38.500656
0;McMahan_CNN;1;xavier_uniform_;small;ReLU;1200;0.024163901805877686;21.058313
0;McMahan_CNN;1;xavier_uniform_;;ReLU;1200;0.07886797189712524;17.06116
0;McMahan_CNN;1;xavier_uniform_;small;Sigmoid;1200;1.1920928955078125e-07;53.606728
0;McMahan_CNN;1;xavier_uniform_;;Sigmoid;1200;1.1920928955078125e-07;38.57103
0;McMahan_CNN;1;kaiming_normal_;small;ReLU;1200;0.005146801471710205;24.05225
0;McMahan_CNN;1;kaiming_normal_;;ReLU;1200;0.00924837589263916;24.506271
0;McMahan_CNN;1;kaiming_normal_;small;Sigmoid;1200;1.1920928955078125e-07;27.729511
0;McMahan_CNN;1;kaiming_normal_;;Sigmoid;1200;1.1920928955078125e-07;27.811186
0;McMahan_CNN;1;kaiming_uniform_;small;ReLU;1200;0.009127914905548096;24.527685
0;McMahan_CNN;1;kaiming_uniform_;;ReLU;1200;0.009730696678161621;24.020393
0;McMahan_CNN;1;kaiming_uniform_;small;Sigmoid;1200;0.0;25.536903
0;McMahan_CNN;1;kaiming_uniform_;;Sigmoid;1200;1.1920928955078125e-07;25.545296
0;McMahan_CNN;2;xavier_normal_;small;ReLU;1200;0.04966139793395996;18.09673
0;McMahan_CNN;2;xavier_normal_;;ReLU;1200;0.11039048433303833;11.304446
0;McMahan_CNN;2;xavier_normal_;small;Sigmoid;1200;1.1920928955078125e-07;42.569046
0;McMahan_CNN;2;xavier_normal_;;Sigmoid;1200;6.556510925292969e-07;31.004286
0;McMahan_CNN;2;xavier_uniform_;small;ReLU;1200;0.03839147090911865;17.381527
0;McMahan_CNN;2;xavier_uniform_;;ReLU;1200;0.10257905721664429;12.187696
0;McMahan_CNN;2;xavier_uniform_;small;Sigmoid;1200;1.1920928955078125e-07;43.80921
0;McMahan_CNN;2;xavier_uniform_;;Sigmoid;1200;4.172325134277344e-07;32.684006
0;McMahan_CNN;2;kaiming_normal_;small;ReLU;1200;0.01061946153640747;22.185768
0;McMahan_CNN;2;kaiming_normal_;;ReLU;1200;0.018875718116760254;21.177593
0;McMahan_CNN;2;kaiming_normal_;small;Sigmoid;1200;1.1920928955078125e-07;26.26329
0;McMahan_CNN;2;kaiming_normal_;;Sigmoid;1200;5.960464477539063e-08;38.39514
0;McMahan_CNN;2;kaiming_uniform_;small;ReLU;1200;0.009946882724761963;22.220478
0;McMahan_CNN;2;kaiming_uniform_;;ReLU;1200;0.009719669818878174;21.210857
0;McMahan_CNN;2;kaiming_uniform_;small;Sigmoid;1200;2.384185791015625e-07;22.429771
0;McMahan_CNN;2;kaiming_uniform_;;Sigmoid;1200;1.1920928955078125e-07;23.506802
0;McMahan_CNN;4;xavier_normal_;small;ReLU;1200;0.07012403011322021;11.695488
0;McMahan_CNN;4;xavier_normal_;;ReLU;1200;0.10340112447738647;6.47686
0;McMahan_CNN;4;xavier_normal_;small;Sigmoid;1200;5.960464477539062e-07;20.034893
0;McMahan_CNN;4;xavier_normal_;;Sigmoid;1200;5.960464477539062e-07;20.882513
0;McMahan_CNN;4;xavier_uniform_;small;ReLU;1200;0.08956646919250488;7.71697
0;McMahan_CNN;4;xavier_uniform_;;ReLU;1200;0.11168712377548218;5.531652
0;McMahan_CNN;4;xavier_uniform_;small;Sigmoid;1200;7.152557373046875e-07;19.421654
0;McMahan_CNN;4;xavier_uniform_;;Sigmoid;1200;8.940696716308594e-07;19.753807
0;McMahan_CNN;4;kaiming_normal_;small;ReLU;1200;0.012068331241607666;18.410688
0;McMahan_CNN;4;kaiming_normal_;;ReLU;1200;0.022932469844818115;13.489876
0;McMahan_CNN;4;kaiming_normal_;small;Sigmoid;1200;2.384185791015625e-07;17.938578
0;McMahan_CNN;4;kaiming_normal_;;Sigmoid;1200;5.960464477539063e-08;18.269356
0;McMahan_CNN;4;kaiming_uniform_;small;ReLU;1200;0.014726638793945312;18.440342
0;McMahan_CNN;4;kaiming_uniform_;;ReLU;1200;0.024080634117126465;17.05486
0;McMahan_CNN;4;kaiming_uniform_;small;Sigmoid;1200;1.7881393432617188e-07;16.864925
0;McMahan_CNN;4;kaiming_uniform_;;Sigmoid;1200;1.7881393432617188e-07;17.753605
0;McMahan_CNN;8;xavier_normal_;small;ReLU;1200;0.09401732683181763;7.104883
0;McMahan_CNN;8;xavier_normal_;;ReLU;1200;0.10279780626296997;2.001566
0;McMahan_CNN;8;xavier_normal_;small;Sigmoid;1200;5.364418029785156e-07;19.20147
0;McMahan_CNN;8;xavier_normal_;;Sigmoid;1200;5.960464477539062e-07;19.12673
0;McMahan_CNN;8;xavier_uniform_;small;ReLU;1200;0.1268773078918457;3.9833302
0;McMahan_CNN;8;xavier_uniform_;;ReLU;1200;0.15275782346725464;-1.6077851
0;McMahan_CNN;8;xavier_uniform_;small;Sigmoid;1200;9.5367431640625e-07;17.753563
0;McMahan_CNN;8;xavier_uniform_;;Sigmoid;1200;1.3113021850585938e-06;18.60875
0;McMahan_CNN;8;kaiming_normal_;small;ReLU;1200;0.041653990745544434;14.117663
0;McMahan_CNN;8;kaiming_normal_;;ReLU;1200;0.04127472639083862;14.165499
0;McMahan_CNN;8;kaiming_normal_;small;Sigmoid;1200;2.980232238769531e-07;17.537617
0;McMahan_CNN;8;kaiming_normal_;;Sigmoid;1200;2.980232238769531e-07;17.487228
0;McMahan_CNN;8;kaiming_uniform_;small;ReLU;1200;0.04169356822967529;15.540493
0;McMahan_CNN;8;kaiming_uniform_;;ReLU;1200;0.055024802684783936;13.429121
0;McMahan_CNN;8;kaiming_uniform_;small;Sigmoid;1200;2.384185791015625e-07;16.579887
0;McMahan_CNN;8;kaiming_uniform_;;Sigmoid;1200;1.1920928955078125e-07;17.199347
0;McMahan_CNN;16;xavier_normal_;small;ReLU;1200;0.0868985652923584;2.000679
0;McMahan_CNN;16;xavier_normal_;;ReLU;1200;0.08671754598617554;-2.5888512
0;McMahan_CNN;16;xavier_normal_;small;Sigmoid;1200;3.5762786865234375e-07;13.706765
0;McMahan_CNN;16;xavier_normal_;;Sigmoid;1200;5.960464477539062e-07;14.013642
0;McMahan_CNN;16;xavier_uniform_;small;ReLU;1200;0.10675781965255737;2.8204706
0;McMahan_CNN;16;xavier_uniform_;;ReLU;1200;0.12592649459838867;-1.517281
0;McMahan_CNN;16;xavier_uniform_;small;Sigmoid;1200;4.172325134277344e-07;12.76462
0;McMahan_CNN;16;xavier_uniform_;;Sigmoid;1200;5.364418029785156e-07;13.484751
0;McMahan_CNN;16;kaiming_normal_;small;ReLU;1200;0.04393523931503296;10.295996
0;McMahan_CNN;16;kaiming_normal_;;ReLU;1200;0.04903304576873779;10.2533
0;McMahan_CNN;16;kaiming_normal_;small;Sigmoid;1200;5.960464477539063e-08;13.084097
0;McMahan_CNN;16;kaiming_normal_;;Sigmoid;1200;1.7881393432617188e-07;13.176968
0;McMahan_CNN;16;kaiming_uniform_;small;ReLU;1200;0.053782880306243896;11.483265
0;McMahan_CNN;16;kaiming_uniform_;;ReLU;1200;0.049250781536102295;11.077418
0;McMahan_CNN;16;kaiming_uniform_;small;Sigmoid;1200;0.0;12.275524
0;McMahan_CNN;16;kaiming_uniform_;;Sigmoid;1200;3.5762786865234375e-07;12.494025
0;Custom_ResNet;1;xavier_normal_;small;ReLU;1200;0.0074672698974609375;22.504227
0;Custom_ResNet;1;xavier_normal_;;ReLU;1200;0.017579376697540283;17.02223
0;Custom_ResNet;1;xavier_normal_;small;Sigmoid;1200;1.1920928955078125e-07;-0.81915545
0;Custom_ResNet;1;xavier_normal_;;Sigmoid;1200;1.1920928955078125e-07;-0.81915486
0;Custom_ResNet;1;xavier_uniform_;small;ReLU;1200;0.006107509136199951;24.743795
0;Custom_ResNet;1;xavier_uniform_;;ReLU;1200;0.01705104112625122;16.136364
0;Custom_ResNet;1;xavier_uniform_;small;Sigmoid;1200;-1.1920928955078125e-07;-0.8191561
0;Custom_ResNet;1;xavier_uniform_;;Sigmoid;1200;-1.1920928955078125e-07;-0.81915486
0;Custom_ResNet;1;kaiming_normal_;small;ReLU;1200;0.0006737709045410156;28.765318
0;Custom_ResNet;1;kaiming_normal_;;ReLU;1200;0.0012893080711364746;24.527445
0;Custom_ResNet;1;kaiming_normal_;small;Sigmoid;1200;0.0;-0.8191564
0;Custom_ResNet;1;kaiming_normal_;;Sigmoid;1200;5.960464477539063e-08;-0.8191564
0;Custom_ResNet;1;kaiming_uniform_;small;ReLU;1200;0.0008644461631774902;26.059914
0;Custom_ResNet;1;kaiming_uniform_;;ReLU;1200;0.0012863874435424805;21.967325
0;Custom_ResNet;1;kaiming_uniform_;;Sigmoid;1200;-1.1920928955078125e-07;-0.8191564
0;Custom_ResNet;2;xavier_normal_;small;ReLU;1200;0.012399375438690186;17.797543
0;Custom_ResNet;2;xavier_normal_;;ReLU;1200;0.02959895133972168;12.063116
0;Custom_ResNet;2;xavier_normal_;small;Sigmoid;1200;0.0;-0.9875734
0;Custom_ResNet;2;xavier_normal_;;Sigmoid;1200;-1.1920928955078125e-07;-0.9875734
0;Custom_ResNet;2;xavier_uniform_;small;ReLU;1200;0.01121973991394043;20.358479
0;Custom_ResNet;2;xavier_uniform_;;ReLU;1200;0.03388214111328125;10.721025
0;Custom_ResNet;2;xavier_uniform_;small;Sigmoid;1200;5.960464477539063e-08;-0.9875735
0;Custom_ResNet;2;xavier_uniform_;;Sigmoid;1200;5.960464477539063e-08;-0.9875734
0;Custom_ResNet;2;kaiming_normal_;small;ReLU;1200;0.0023305416107177734;19.609573
0;Custom_ResNet;2;kaiming_normal_;;ReLU;1200;0.0027898550033569336;18.279913
0;Custom_ResNet;2;kaiming_normal_;small;Sigmoid;1200;5.960464477539063e-08;-0.98757386
0;Custom_ResNet;2;kaiming_normal_;;Sigmoid;1200;5.960464477539063e-08;-0.98757386
0;Custom_ResNet;2;kaiming_uniform_;small;ReLU;1200;0.0019033551216125488;19.381386
0;Custom_ResNet;2;kaiming_uniform_;;ReLU;1200;0.0022104382514953613;19.494192
0;Custom_ResNet;2;kaiming_uniform_;small;Sigmoid;1200;0.0;-0.98757386
0;Custom_ResNet;2;kaiming_uniform_;;Sigmoid;1200;1.1920928955078125e-07;-0.98757386
0;Custom_ResNet;4;xavier_normal_;small;ReLU;1200;0.018387973308563232;11.289774
0;Custom_ResNet;4;xavier_normal_;;ReLU;1200;0.026240170001983643;8.808041
0;Custom_ResNet;4;xavier_normal_;small;Sigmoid;1200;5.960464477539063e-08;-0.9997398
0;Custom_ResNet;4;xavier_normal_;;Sigmoid;1200;5.960464477539063e-08;-0.9997398
0;Custom_ResNet;4;xavier_uniform_;small;ReLU;1200;0.011289596557617188;11.871726
0;Custom_ResNet;4;xavier_uniform_;;ReLU;1200;0.029886722564697266;9.173222
0;Custom_ResNet;4;xavier_uniform_;small;Sigmoid;1200;0.0;-0.9997398
0;Custom_ResNet;4;xavier_uniform_;;Sigmoid;1200;-1.1920928955078125e-07;-0.9997395
0;Custom_ResNet;4;kaiming_normal_;small;ReLU;1200;0.0018820762634277344;16.991175
0;Custom_ResNet;4;kaiming_normal_;;ReLU;1200;0.002984166145324707;14.967121
0;Custom_ResNet;4;kaiming_normal_;small;Sigmoid;1200;1.1920928955078125e-07;-0.9997399
0;Custom_ResNet;4;kaiming_normal_;;Sigmoid;1200;1.1920928955078125e-07;-0.9997399
0;Custom_ResNet;4;kaiming_uniform_;small;ReLU;1200;0.001975417137145996;16.096352
0;Custom_ResNet;4;kaiming_uniform_;;ReLU;1200;0.002051830291748047;11.962479
0;Custom_ResNet;4;kaiming_uniform_;small;Sigmoid;1200;0.0;-0.9997399
0;Custom_ResNet;4;kaiming_uniform_;;Sigmoid;1200;5.960464477539063e-08;-0.9997399
0;Custom_ResNet;8;xavier_normal_;small;ReLU;1200;0.03038686513900757;8.740732
0;Custom_ResNet;8;xavier_normal_;;ReLU;1200;0.047993600368499756;7.8011837
0;Custom_ResNet;8;xavier_normal_;small;Sigmoid;1200;0.0;-0.98439324
0;Custom_ResNet;8;xavier_normal_;;Sigmoid;1200;0.0;-0.9843931
0;Custom_ResNet;8;xavier_uniform_;small;ReLU;1200;0.027914822101593018;10.218845
0;Custom_ResNet;8;xavier_uniform_;;ReLU;1200;0.044897258281707764;8.540975
0;Custom_ResNet;8;xavier_uniform_;small;Sigmoid;1200;5.960464477539063e-08;-0.98439324
0;Custom_ResNet;8;xavier_uniform_;;Sigmoid;1200;5.960464477539063e-08;-0.98439324
0;Custom_ResNet;8;kaiming_normal_;small;ReLU;1200;0.006200194358825684;11.38998
0;Custom_ResNet;8;kaiming_normal_;;ReLU;1200;0.005858361721038818;10.977555
0;Custom_ResNet;8;kaiming_normal_;small;Sigmoid;1200;5.960464477539063e-08;-0.98439324
0;Custom_ResNet;8;kaiming_normal_;;Sigmoid;1200;5.960464477539063e-08;-0.98439324
0;Custom_ResNet;8;kaiming_uniform_;small;ReLU;1200;0.0037085413932800293;12.520096
0;Custom_ResNet;8;kaiming_uniform_;;ReLU;1200;0.004913151264190674;11.533468
0;Custom_ResNet;8;kaiming_uniform_;small;Sigmoid;1200;1.1920928955078125e-07;-0.98439324
0;Custom_ResNet;8;kaiming_uniform_;;Sigmoid;1200;0.0;-0.98439324
0;Custom_ResNet;16;xavier_normal_;small;ReLU;1200;0.02438455820083618;7.355128
0;Custom_ResNet;16;xavier_normal_;;ReLU;1200;0.03063303232192993;6.307599
0;Custom_ResNet;16;xavier_normal_;small;Sigmoid;1200;-1.1920928955078125e-07;-1.0470558
0;Custom_ResNet;16;xavier_normal_;;Sigmoid;1200;0.0;-1.0470558
0;Custom_ResNet;16;xavier_uniform_;small;ReLU;1200;0.02598714828491211;9.009672
0;Custom_ResNet;16;xavier_uniform_;;ReLU;1200;0.036552608013153076;7.2327156
0;Custom_ResNet;16;xavier_uniform_;small;Sigmoid;1200;0.0;-1.047056
0;Custom_ResNet;16;xavier_uniform_;;Sigmoid;1200;0.0;-1.047056
0;Custom_ResNet;16;kaiming_normal_;small;ReLU;1200;0.004695296287536621;9.178412
0;Custom_ResNet;16;kaiming_normal_;;ReLU;1200;0.005494356155395508;8.688545
0;Custom_ResNet;16;kaiming_normal_;small;Sigmoid;1200;0.0;-1.047056
0;Custom_ResNet;16;kaiming_normal_;;Sigmoid;1200;0.0;-1.047056
0;Custom_ResNet;16;kaiming_uniform_;small;ReLU;1200;0.0038289427757263184;9.634256
0;Custom_ResNet;16;kaiming_uniform_;;ReLU;1200;0.004801571369171143;9.389409
0;Custom_ResNet;16;kaiming_uniform_;small;Sigmoid;1200;0.0;-1.047056
0;Custom_ResNet;16;kaiming_uniform_;;Sigmoid;1200;0.0;-1.047056
1;McMahan_CNN;1;xavier_normal_;small;ReLU;500;0.05099642276763916;20.865505
1;McMahan_CNN;1;xavier_normal_;;ReLU;500;0.05448418855667114;17.308506
1;McMahan_CNN;1;xavier_normal_;small;Sigmoid;500;0.0;53.674606
1;McMahan_CNN;1;xavier_normal_;;Sigmoid;500;1.7881393432617188e-07;38.83673
1;McMahan_CNN;1;xavier_uniform_;small;ReLU;500;0.03498029708862305;19.4445
1;McMahan_CNN;1;xavier_uniform_;;ReLU;500;0.03945910930633545;17.487198
1;McMahan_CNN;1;xavier_uniform_;small;Sigmoid;500;0.0;51.039192
1;McMahan_CNN;1;xavier_uniform_;;Sigmoid;500;1.1920928955078125e-07;40.285667
1;McMahan_CNN;1;kaiming_normal_;small;ReLU;500;0.014514684677124023;25.31212
1;McMahan_CNN;1;kaiming_normal_;;ReLU;500;0.016620218753814697;25.387213
1;McMahan_CNN;1;kaiming_normal_;small;Sigmoid;500;2.384185791015625e-07;24.870056
1;McMahan_CNN;1;kaiming_normal_;;Sigmoid;500;1.1920928955078125e-07;29.085346
1;McMahan_CNN;1;kaiming_uniform_;small;ReLU;500;0.0022382736206054688;24.78447
1;McMahan_CNN;1;kaiming_uniform_;;ReLU;500;0.003130495548248291;26.753742
1;McMahan_CNN;1;kaiming_uniform_;small;Sigmoid;500;1.1920928955078125e-07;27.168
1;McMahan_CNN;1;kaiming_uniform_;;Sigmoid;500;1.1920928955078125e-07;30.99588
1;McMahan_CNN;2;xavier_normal_;small;ReLU;500;0.08942770957946777;14.62994
1;McMahan_CNN;2;xavier_normal_;;ReLU;500;0.14344865083694458;9.60887
1;McMahan_CNN;2;xavier_normal_;small;Sigmoid;500;1.7881393432617188e-07;41.19625
1;McMahan_CNN;2;xavier_normal_;;Sigmoid;500;4.76837158203125e-07;32.667397
1;McMahan_CNN;2;xavier_uniform_;small;ReLU;500;0.02714061737060547;17.081299
1;McMahan_CNN;2;xavier_uniform_;;ReLU;500;0.04549604654312134;12.438316
1;McMahan_CNN;2;xavier_uniform_;small;Sigmoid;500;0.0;43.52214
1;McMahan_CNN;2;xavier_uniform_;;Sigmoid;500;4.172325134277344e-07;34.354126
1;McMahan_CNN;2;kaiming_normal_;small;ReLU;500;0.015617847442626953;22.180828
1;McMahan_CNN;2;kaiming_normal_;;ReLU;500;0.018478751182556152;21.49821
1;McMahan_CNN;2;kaiming_normal_;small;Sigmoid;500;5.960464477539063e-08;22.996754
1;McMahan_CNN;2;kaiming_normal_;;Sigmoid;500;1.7881393432617188e-07;23.449713
1;McMahan_CNN;2;kaiming_uniform_;small;ReLU;500;0.008113622665405273;20.660265
1;McMahan_CNN;2;kaiming_uniform_;;ReLU;500;0.01430821418762207;22.076965
1;McMahan_CNN;2;kaiming_uniform_;small;Sigmoid;500;2.384185791015625e-07;23.480888
1;McMahan_CNN;2;kaiming_uniform_;;Sigmoid;500;3.5762786865234375e-07;23.891499
1;McMahan_CNN;4;xavier_normal_;small;ReLU;500;0.09811508655548096;0.9539765
1;McMahan_CNN;4;xavier_normal_;;ReLU;500;0.12252795696258545;-0.06949413
1;McMahan_CNN;4;xavier_normal_;small;Sigmoid;500;1.0728836059570312e-06;18.833397
1;McMahan_CNN;4;xavier_normal_;;Sigmoid;500;9.5367431640625e-07;19.406185
1;McMahan_CNN;4;xavier_uniform_;small;ReLU;500;0.05123227834701538;5.6591463
1;McMahan_CNN;4;xavier_uniform_;;ReLU;500;0.07222938537597656;4.0478683
1;McMahan_CNN;4;xavier_uniform_;small;Sigmoid;500;8.940696716308594e-07;18.58397
1;McMahan_CNN;4;xavier_uniform_;;Sigmoid;500;8.940696716308594e-07;18.785843
1;McMahan_CNN;4;kaiming_normal_;small;ReLU;500;0.01695162057876587;14.248133
1;McMahan_CNN;4;kaiming_normal_;;ReLU;500;0.012835919857025146;14.082471
1;McMahan_CNN;4;kaiming_normal_;small;Sigmoid;500;2.980232238769531e-07;17.265272
1;McMahan_CNN;4;kaiming_normal_;;Sigmoid;500;0.0;17.794094
1;McMahan_CNN;4;kaiming_uniform_;small;ReLU;500;0.009986042976379395;13.853965
1;McMahan_CNN;4;kaiming_uniform_;;ReLU;500;0.01737278699874878;13.515319
1;McMahan_CNN;4;kaiming_uniform_;small;Sigmoid;500;1.7881393432617188e-07;17.26469
1;McMahan_CNN;4;kaiming_uniform_;;Sigmoid;500;2.384185791015625e-07;17.99475
1;McMahan_CNN;8;xavier_normal_;small;ReLU;500;0.10747730731964111;2.955653
1;McMahan_CNN;8;xavier_normal_;;ReLU;500;0.12297528982162476;-0.057987034
1;McMahan_CNN;8;xavier_normal_;small;Sigmoid;500;7.152557373046875e-07;17.977331
1;McMahan_CNN;8;xavier_normal_;;Sigmoid;500;1.0132789611816406e-06;18.584002
1;McMahan_CNN;8;xavier_uniform_;small;ReLU;500;0.07761448621749878;0.726519
1;McMahan_CNN;8;xavier_uniform_;;ReLU;500;0.08320856094360352;-1.7497323
1;McMahan_CNN;8;xavier_uniform_;small;Sigmoid;500;7.152557373046875e-07;17.605919
1;McMahan_CNN;8;xavier_uniform_;;Sigmoid;500;1.1920928955078125e-06;18.226734
1;McMahan_CNN;8;kaiming_normal_;small;ReLU;500;0.03853088617324829;12.961231
1;McMahan_CNN;8;kaiming_normal_;;ReLU;500;0.04287123680114746;12.440955
1;McMahan_CNN;8;kaiming_normal_;small;Sigmoid;500;2.384185791015625e-07;16.172413
1;McMahan_CNN;8;kaiming_normal_;;Sigmoid;500;2.384185791015625e-07;16.51147
1;McMahan_CNN;8;kaiming_uniform_;small;ReLU;500;0.03112185001373291;12.337776
1;McMahan_CNN;8;kaiming_uniform_;;ReLU;500;0.034698486328125;13.721409
1;McMahan_CNN;8;kaiming_uniform_;small;Sigmoid;500;1.7881393432617188e-07;16.610352
1;McMahan_CNN;8;kaiming_uniform_;;Sigmoid;500;2.384185791015625e-07;17.000751
1;McMahan_CNN;16;xavier_normal_;small;ReLU;500;0.08094829320907593;2.3474588
1;McMahan_CNN;16;xavier_normal_;;ReLU;500;0.08856284618377686;0.48636174
1;McMahan_CNN;16;xavier_normal_;small;Sigmoid;500;5.364418029785156e-07;13.022255
1;McMahan_CNN;16;xavier_normal_;;Sigmoid;500;7.748603820800781e-07;13.298367
1;McMahan_CNN;16;xavier_uniform_;small;ReLU;500;0.05946660041809082;-1.0708272
1;McMahan_CNN;16;xavier_uniform_;;ReLU;500;0.06734150648117065;-2.43878
1;McMahan_CNN;16;xavier_uniform_;small;Sigmoid;500;4.172325134277344e-07;12.439171
1;McMahan_CNN;16;xavier_uniform_;;Sigmoid;500;6.556510925292969e-07;12.951552
1;McMahan_CNN;16;kaiming_normal_;small;ReLU;500;0.041882455348968506;11.185775
1;McMahan_CNN;16;kaiming_normal_;;ReLU;500;0.044988155364990234;11.109962
1;McMahan_CNN;16;kaiming_normal_;small;Sigmoid;500;2.980232238769531e-07;11.504738
1;McMahan_CNN;16;kaiming_normal_;;Sigmoid;500;2.980232238769531e-07;11.700308
1;McMahan_CNN;16;kaiming_uniform_;small;ReLU;500;0.04444444179534912;10.553702
1;McMahan_CNN;16;kaiming_uniform_;;ReLU;500;0.046435773372650146;9.295679
1;McMahan_CNN;16;kaiming_uniform_;small;Sigmoid;500;3.5762786865234375e-07;11.735334
1;McMahan_CNN;16;kaiming_uniform_;;Sigmoid;500;3.5762786865234375e-07;11.887849
1;Custom_ResNet;1;xavier_normal_;small;ReLU;500;0.009152710437774658;22.776878
1;Custom_ResNet;1;xavier_normal_;;ReLU;500;0.027195751667022705;14.236761
1;Custom_ResNet;1;xavier_normal_;small;Sigmoid;500;-1.1920928955078125e-07;-0.81557584
1;Custom_ResNet;1;xavier_normal_;;Sigmoid;500;-1.1920928955078125e-07;-0.8155756
1;Custom_ResNet;1;xavier_uniform_;small;ReLU;500;0.008023977279663086;21.700817
1;Custom_ResNet;1;xavier_uniform_;;ReLU;500;0.018137335777282715;17.094948
1;Custom_ResNet;1;xavier_uniform_;small;Sigmoid;500;5.960464477539063e-08;-0.81557584
1;Custom_ResNet;1;xavier_uniform_;;Sigmoid;500;0.0;-0.8155756
1;Custom_ResNet;1;kaiming_normal_;small;ReLU;500;0.0016873478889465332;21.988483
1;Custom_ResNet;1;kaiming_normal_;;ReLU;500;0.0016584396362304688;22.859074
1;Custom_ResNet;1;kaiming_normal_;small;Sigmoid;500;0.0;-0.8155768
1;Custom_ResNet;1;kaiming_normal_;;Sigmoid;500;0.0;-0.8155768
1;Custom_ResNet;1;kaiming_uniform_;small;ReLU;500;0.0009015202522277832;25.536331
1;Custom_ResNet;1;kaiming_uniform_;;ReLU;500;0.0012403130531311035;24.483906
1;Custom_ResNet;1;kaiming_uniform_;small;Sigmoid;500;5.960464477539063e-08;-0.8155768
1;Custom_ResNet;1;kaiming_uniform_;;Sigmoid;500;5.960464477539063e-08;-0.8155768
1;Custom_ResNet;2;xavier_normal_;small;ReLU;500;0.01700824499130249;16.45346
1;Custom_ResNet;2;xavier_normal_;;ReLU;500;0.03455948829650879;11.915925
1;Custom_ResNet;2;xavier_normal_;small;Sigmoid;500;0.0;-1.0110794
1;Custom_ResNet;2;xavier_normal_;;Sigmoid;500;5.960464477539063e-08;-1.0110794
1;Custom_ResNet;2;xavier_uniform_;small;ReLU;500;0.01396489143371582;16.953133
1;Custom_ResNet;2;xavier_uniform_;;ReLU;500;0.02394205331802368;12.943403
1;Custom_ResNet;2;xavier_uniform_;small;Sigmoid;500;1.1920928955078125e-07;-1.0110794
1;Custom_ResNet;2;xavier_uniform_;;Sigmoid;500;0.0;-1.0110791
1;Custom_ResNet;2;kaiming_normal_;small;ReLU;500;0.002347111701965332;19.513607
1;Custom_ResNet;2;kaiming_normal_;;ReLU;500;0.0025442838668823242;18.691133
1;Custom_ResNet;2;kaiming_normal_;small;Sigmoid;500;1.1920928955078125e-07;-1.0110798
1;Custom_ResNet;2;kaiming_normal_;;Sigmoid;500;1.1920928955078125e-07;-1.0110798
1;Custom_ResNet;2;kaiming_uniform_;small;ReLU;500;0.002237975597381592;18.242682
1;Custom_ResNet;2;kaiming_uniform_;;ReLU;500;0.0025787353515625;17.2178
1;Custom_ResNet;2;kaiming_uniform_;small;Sigmoid;500;-1.1920928955078125e-07;-1.0110798
1;Custom_ResNet;2;kaiming_uniform_;;Sigmoid;500;-1.1920928955078125e-07;-1.0110798
1;Custom_ResNet;4;xavier_normal_;small;ReLU;500;0.022502481937408447;10.6402645
1;Custom_ResNet;4;xavier_normal_;;ReLU;500;0.04006218910217285;7.76232
1;Custom_ResNet;4;xavier_normal_;small;Sigmoid;500;-1.1920928955078125e-07;-1.046085
1;Custom_ResNet;4;xavier_normal_;;Sigmoid;500;-1.1920928955078125e-07;-1.046085
1;Custom_ResNet;4;xavier_uniform_;small;ReLU;500;0.01359325647354126;10.437928
1;Custom_ResNet;4;xavier_uniform_;;ReLU;500;0.02097952365875244;10.184991
1;Custom_ResNet;4;xavier_uniform_;small;Sigmoid;500;-1.1920928955078125e-07;-1.046085
1;Custom_ResNet;4;xavier_uniform_;;Sigmoid;500;0.0;-1.0460849
1;Custom_ResNet;4;kaiming_normal_;small;ReLU;500;0.0029855966567993164;12.90802
1;Custom_ResNet;4;kaiming_normal_;;ReLU;500;0.003655076026916504;13.507482
1;Custom_ResNet;4;kaiming_normal_;small;Sigmoid;500;5.960464477539063e-08;-1.046085
1;Custom_ResNet;4;kaiming_normal_;;Sigmoid;500;5.960464477539063e-08;-1.046085
1;Custom_ResNet;4;kaiming_uniform_;small;Sigmoid;500;0.0;-1.046085
1;Custom_ResNet;4;kaiming_uniform_;;Sigmoid;500;0.0;-1.046085
1;Custom_ResNet;8;xavier_normal_;small;ReLU;500;0.03409773111343384;10.487616
1;Custom_ResNet;8;xavier_normal_;;ReLU;500;0.0655871033668518;6.7376275
1;Custom_ResNet;8;xavier_normal_;small;Sigmoid;500;0.0;-0.9816962
1;Custom_ResNet;8;xavier_normal_;;Sigmoid;500;0.0;-0.9816961
1;Custom_ResNet;8;xavier_uniform_;small;ReLU;500;0.03127765655517578;8.920389
1;Custom_ResNet;8;xavier_uniform_;;ReLU;500;0.04195523262023926;7.956998
1;Custom_ResNet;8;xavier_uniform_;small;Sigmoid;500;0.0;-0.9816963
1;Custom_ResNet;8;xavier_uniform_;;Sigmoid;500;-1.1920928955078125e-07;-0.9816963
1;Custom_ResNet;8;kaiming_normal_;small;ReLU;500;0.0060882568359375;11.505865
1;Custom_ResNet;8;kaiming_normal_;;ReLU;500;0.006272435188293457;11.685171
1;Custom_ResNet;8;kaiming_normal_;small;Sigmoid;500;-1.1920928955078125e-07;-0.9816963
1;Custom_ResNet;8;kaiming_normal_;;Sigmoid;500;-1.1920928955078125e-07;-0.9816963
1;Custom_ResNet;8;kaiming_uniform_;small;ReLU;500;0.004427790641784668;13.79936
1;Custom_ResNet;8;kaiming_uniform_;;ReLU;500;0.005144357681274414;10.984324
1;Custom_ResNet;8;kaiming_uniform_;small;Sigmoid;500;-1.1920928955078125e-07;-0.9816963
1;Custom_ResNet;8;kaiming_uniform_;;Sigmoid;500;-1.1920928955078125e-07;-0.9816963
1;Custom_ResNet;16;xavier_normal_;small;ReLU;500;0.03146231174468994;7.2973976
1;Custom_ResNet;16;xavier_normal_;;ReLU;500;0.040078163146972656;5.9114065
1;Custom_ResNet;16;xavier_normal_;small;Sigmoid;500;-1.1920928955078125e-07;-1.0329176
1;Custom_ResNet;16;xavier_normal_;;Sigmoid;500;-1.1920928955078125e-07;-1.0329176
1;Custom_ResNet;16;xavier_uniform_;small;ReLU;500;0.022991538047790527;7.5188665
1;Custom_ResNet;16;xavier_uniform_;;ReLU;500;0.0346946120262146;6.2772803
1;Custom_ResNet;16;xavier_uniform_;small;Sigmoid;500;0.0;-1.0329177
1;Custom_ResNet;16;xavier_uniform_;;Sigmoid;500;0.0;-1.0329177
1;Custom_ResNet;16;kaiming_normal_;small;ReLU;500;0.005232751369476318;8.638052
1;Custom_ResNet;16;kaiming_normal_;;ReLU;500;0.005863964557647705;8.147625
1;Custom_ResNet;16;kaiming_normal_;small;Sigmoid;500;0.0;-1.0329177
1;Custom_ResNet;16;kaiming_normal_;;Sigmoid;500;0.0;-1.0329177
1;Custom_ResNet;16;kaiming_uniform_;small;ReLU;500;0.0048004984855651855;9.421143
1;Custom_ResNet;16;kaiming_uniform_;;ReLU;500;0.0051056742668151855;8.74568
1;Custom_ResNet;16;kaiming_uniform_;small;Sigmoid;500;5.960464477539063e-08;-1.0329177
1;Custom_ResNet;16;kaiming_uniform_;;Sigmoid;500;5.960464477539063e-08;-1.0329177
2;McMahan_CNN;1;xavier_normal_;small;ReLU;500;0.0453648567199707;18.680838
2;McMahan_CNN;1;xavier_normal_;;ReLU;500;0.06383335590362549;16.968502
2;McMahan_CNN;1;xavier_normal_;small;Sigmoid;500;-1.1920928955078125e-07;51.30066
2;McMahan_CNN;1;xavier_normal_;;Sigmoid;500;1.7881393432617188e-07;39.668915
2;McMahan_CNN;1;xavier_uniform_;small;ReLU;500;0.016614139080047607;22.888332
2;McMahan_CNN;1;xavier_uniform_;;ReLU;500;0.03095698356628418;18.358765
2;McMahan_CNN;1;xavier_uniform_;small;Sigmoid;500;0.0;51.84906
2;McMahan_CNN;1;xavier_uniform_;;Sigmoid;500;1.7881393432617188e-07;39.83055
2;McMahan_CNN;1;kaiming_normal_;small;ReLU;500;0.0017228126525878906;23.749226
2;McMahan_CNN;1;kaiming_normal_;;ReLU;500;0.0076825618743896484;27.149048
2;McMahan_CNN;1;kaiming_normal_;small;Sigmoid;500;0.0;27.41039
2;McMahan_CNN;1;kaiming_normal_;;Sigmoid;500;0.0;35.207382
2;McMahan_CNN;1;kaiming_uniform_;small;ReLU;500;0.009135901927947998;25.134203
2;McMahan_CNN;1;kaiming_uniform_;;ReLU;500;0.009669005870819092;30.04288
2;McMahan_CNN;1;kaiming_uniform_;small;Sigmoid;500;1.1920928955078125e-07;26.554867
2;McMahan_CNN;1;kaiming_uniform_;;Sigmoid;500;0.0;29.425255
2;McMahan_CNN;2;xavier_normal_;small;ReLU;500;0.05610203742980957;12.44498
2;McMahan_CNN;2;xavier_normal_;;ReLU;500;0.055923402309417725;11.445746
2;McMahan_CNN;2;xavier_normal_;small;Sigmoid;500;1.1920928955078125e-07;40.05352
2;McMahan_CNN;2;xavier_normal_;;Sigmoid;500;7.152557373046875e-07;32.457855
2;McMahan_CNN;2;xavier_uniform_;small;ReLU;500;0.03449374437332153;15.213746
2;McMahan_CNN;2;xavier_uniform_;;ReLU;500;0.05694502592086792;9.829626
2;McMahan_CNN;2;xavier_uniform_;small;Sigmoid;500;2.980232238769531e-07;35.63092
2;McMahan_CNN;2;xavier_uniform_;;Sigmoid;500;7.152557373046875e-07;32.41337
2;McMahan_CNN;2;kaiming_normal_;small;ReLU;500;0.007430732250213623;17.991055
2;McMahan_CNN;2;kaiming_normal_;;ReLU;500;0.007430970668792725;20.25157
2;McMahan_CNN;2;kaiming_normal_;small;Sigmoid;500;1.1920928955078125e-07;23.406322
2;McMahan_CNN;2;kaiming_normal_;;Sigmoid;500;2.384185791015625e-07;25.943645
2;McMahan_CNN;2;kaiming_uniform_;small;ReLU;500;0.011452674865722656;23.365974
2;McMahan_CNN;2;kaiming_uniform_;;ReLU;500;0.016727209091186523;21.791447
2;McMahan_CNN;2;kaiming_uniform_;small;Sigmoid;500;2.384185791015625e-07;23.1425
2;McMahan_CNN;2;kaiming_uniform_;;Sigmoid;500;1.7881393432617188e-07;25.712482
2;McMahan_CNN;4;xavier_normal_;small;ReLU;500;0.08082032203674316;0.9288542
2;McMahan_CNN;4;xavier_normal_;;ReLU;500;0.08103537559509277;-1.1061766
2;McMahan_CNN;4;xavier_normal_;small;Sigmoid;500;1.0132789611816406e-06;18.631853
2;McMahan_CNN;4;xavier_normal_;;Sigmoid;500;1.1920928955078125e-06;19.043915
2;McMahan_CNN;4;xavier_uniform_;small;ReLU;500;0.07658267021179199;3.0361788
2;McMahan_CNN;4;xavier_uniform_;;ReLU;500;0.08678621053695679;-2.107841
2;McMahan_CNN;4;xavier_uniform_;small;Sigmoid;500;1.3113021850585938e-06;19.074154
2;McMahan_CNN;4;xavier_uniform_;;Sigmoid;500;1.3709068298339844e-06;21.02121
2;McMahan_CNN;4;kaiming_normal_;small;ReLU;500;0.01226741075515747;12.304723
2;McMahan_CNN;4;kaiming_normal_;;ReLU;500;0.007793009281158447;18.03355
2;McMahan_CNN;4;kaiming_normal_;small;Sigmoid;500;2.384185791015625e-07;17.002033
2;McMahan_CNN;4;kaiming_normal_;;Sigmoid;500;1.7881393432617188e-07;17.423267
2;McMahan_CNN;4;kaiming_uniform_;small;ReLU;500;0.014799892902374268;19.863144
2;McMahan_CNN;4;kaiming_uniform_;;ReLU;500;0.018993854522705078;19.428667
2;McMahan_CNN;4;kaiming_uniform_;small;Sigmoid;500;1.7881393432617188e-07;17.039814
2;McMahan_CNN;4;kaiming_uniform_;;Sigmoid;500;1.7881393432617188e-07;17.456907
2;McMahan_CNN;8;xavier_normal_;small;ReLU;500;0.08448392152786255;2.5114431
2;McMahan_CNN;8;xavier_normal_;;ReLU;500;0.09492766857147217;-0.94832814
2;McMahan_CNN;8;xavier_normal_;small;Sigmoid;500;1.0728836059570312e-06;17.677143
2;McMahan_CNN;8;xavier_normal_;;Sigmoid;500;1.1920928955078125e-06;18.395569
2;McMahan_CNN;8;xavier_uniform_;small;ReLU;500;0.08972358703613281;-1.5093989
2;McMahan_CNN;8;xavier_uniform_;;ReLU;500;0.10034722089767456;-3.1767821
2;McMahan_CNN;8;xavier_uniform_;small;Sigmoid;500;1.0132789611816406e-06;17.382877
2;McMahan_CNN;8;xavier_uniform_;;Sigmoid;500;9.5367431640625e-07;18.328716
2;McMahan_CNN;8;kaiming_normal_;small;ReLU;500;0.04264545440673828;13.118722
2;McMahan_CNN;8;kaiming_normal_;;ReLU;500;0.028867125511169434;14.506417
2;McMahan_CNN;8;kaiming_normal_;small;Sigmoid;500;2.384185791015625e-07;15.900143
2;McMahan_CNN;8;kaiming_normal_;;Sigmoid;500;2.384185791015625e-07;16.155556
2;McMahan_CNN;8;kaiming_uniform_;small;ReLU;500;0.036962926387786865;14.198727
2;McMahan_CNN;8;kaiming_uniform_;;ReLU;500;0.033124566078186035;14.312932
2;McMahan_CNN;8;kaiming_uniform_;small;Sigmoid;500;2.980232238769531e-07;16.098652
2;McMahan_CNN;8;kaiming_uniform_;;Sigmoid;500;3.5762786865234375e-07;16.328035
2;McMahan_CNN;16;xavier_normal_;small;ReLU;500;0.06889444589614868;-0.95330024
2;McMahan_CNN;16;xavier_normal_;;ReLU;500;0.07432055473327637;-1.8376143
2;McMahan_CNN;16;xavier_normal_;small;Sigmoid;500;5.364418029785156e-07;13.404623
2;McMahan_CNN;16;xavier_normal_;;Sigmoid;500;7.748603820800781e-07;13.673435
2;McMahan_CNN;16;xavier_uniform_;small;ReLU;500;0.09040188789367676;-3.5763125
2;McMahan_CNN;16;xavier_uniform_;;ReLU;500;0.09704160690307617;-4.455222
2;McMahan_CNN;16;xavier_uniform_;small;Sigmoid;500;1.1324882507324219e-06;11.401081
2;McMahan_CNN;16;xavier_uniform_;;Sigmoid;500;1.2516975402832031e-06;12.1970415
2;McMahan_CNN;16;kaiming_normal_;small;ReLU;500;0.04128563404083252;9.834686
2;McMahan_CNN;16;kaiming_normal_;;ReLU;500;0.042195260524749756;9.801643
2;McMahan_CNN;16;kaiming_normal_;small;Sigmoid;500;2.980232238769531e-07;11.574097
2;McMahan_CNN;16;kaiming_normal_;;Sigmoid;500;1.1920928955078125e-07;11.748711
2;McMahan_CNN;16;kaiming_uniform_;small;ReLU;500;0.05338698625564575;9.585264
2;McMahan_CNN;16;kaiming_uniform_;;ReLU;500;0.052580058574676514;9.133172
2;McMahan_CNN;16;kaiming_uniform_;small;Sigmoid;500;2.980232238769531e-07;11.685238
2;McMahan_CNN;16;kaiming_uniform_;;Sigmoid;500;3.5762786865234375e-07;11.868616
2;Custom_ResNet;1;xavier_normal_;small;ReLU;500;0.005176126956939697;25.881924
2;Custom_ResNet;1;xavier_normal_;;ReLU;500;0.015262603759765625;18.645977
2;Custom_ResNet;1;xavier_normal_;small;Sigmoid;500;1.1920928955078125e-07;-0.8948672
2;Custom_ResNet;1;xavier_normal_;;Sigmoid;500;0.0;-0.8948665
2;Custom_ResNet;1;xavier_uniform_;small;ReLU;500;0.006731092929840088;24.753817
2;Custom_ResNet;1;xavier_uniform_;;ReLU;500;0.021159887313842773;14.977473
2;Custom_ResNet;1;xavier_uniform_;small;Sigmoid;500;0.0;-0.8948675
2;Custom_ResNet;1;xavier_uniform_;;Sigmoid;500;0.0;-0.8948675
2;Custom_ResNet;1;kaiming_normal_;small;ReLU;500;0.0011684894561767578;23.656252
2;Custom_ResNet;1;kaiming_normal_;;ReLU;500;0.0010206103324890137;25.98433
2;Custom_ResNet;1;kaiming_normal_;small;Sigmoid;500;0.0;-0.89486814
2;Custom_ResNet;1;kaiming_normal_;;Sigmoid;500;0.0;-0.89486814
2;Custom_ResNet;1;kaiming_uniform_;small;ReLU;500;0.0009301900863647461;26.310375
2;Custom_ResNet;1;kaiming_uniform_;;ReLU;500;0.0012922286987304688;23.54223
2;Custom_ResNet;1;kaiming_uniform_;small;Sigmoid;500;1.1920928955078125e-07;-0.89486814
2;Custom_ResNet;1;kaiming_uniform_;;Sigmoid;500;0.0;-0.89486814
2;Custom_ResNet;2;xavier_normal_;small;ReLU;500;0.01086723804473877;20.242748
2;Custom_ResNet;2;xavier_normal_;;ReLU;500;0.02384483814239502;14.678545
2;Custom_ResNet;2;xavier_normal_;small;Sigmoid;500;0.0;-1.075167
2;Custom_ResNet;2;xavier_normal_;;Sigmoid;500;0.0;-1.0751667
2;Custom_ResNet;2;xavier_uniform_;small;ReLU;500;0.009242057800292969;20.93316
2;Custom_ResNet;2;xavier_uniform_;;ReLU;500;0.025409162044525146;12.4179535
2;Custom_ResNet;2;xavier_uniform_;small;Sigmoid;500;-1.1920928955078125e-07;-1.0751672
2;Custom_ResNet;2;xavier_uniform_;;Sigmoid;500;-1.1920928955078125e-07;-1.075167
2;Custom_ResNet;2;kaiming_normal_;small;ReLU;500;0.002129495143890381;20.267658
2;Custom_ResNet;2;kaiming_normal_;;ReLU;500;0.002265453338623047;18.675617
2;Custom_ResNet;2;kaiming_normal_;small;Sigmoid;500;5.960464477539063e-08;-1.0751674
2;Custom_ResNet;2;kaiming_normal_;;Sigmoid;500;5.960464477539063e-08;-1.0751674
2;Custom_ResNet;2;kaiming_uniform_;small;ReLU;500;0.0012293457984924316;21.890059
2;Custom_ResNet;2;kaiming_uniform_;;ReLU;500;0.0019045472145080566;19.184795
2;Custom_ResNet;2;kaiming_uniform_;small;Sigmoid;500;1.1920928955078125e-07;-1.0751674
2;Custom_ResNet;2;kaiming_uniform_;;Sigmoid;500;1.1920928955078125e-07;-1.0751674
2;Custom_ResNet;4;xavier_normal_;small;ReLU;500;0.011885643005371094;16.146978
2;Custom_ResNet;4;xavier_normal_;;ReLU;500;0.021617531776428223;11.796801
2;Custom_ResNet;4;xavier_normal_;small;Sigmoid;500;0.0;-1.0218751
2;Custom_ResNet;4;xavier_normal_;;Sigmoid;500;0.0;-1.0218751
2;Custom_ResNet;4;xavier_uniform_;small;ReLU;500;0.011017382144927979;12.574934
2;Custom_ResNet;4;xavier_uniform_;;ReLU;500;0.021759390830993652;9.913561
2;Custom_ResNet;4;xavier_uniform_;small;Sigmoid;500;1.1920928955078125e-07;-1.0218753
2;Custom_ResNet;4;xavier_uniform_;;Sigmoid;500;1.1920928955078125e-07;-1.0218753
2;Custom_ResNet;4;kaiming_normal_;small;ReLU;500;0.0028617382049560547;15.069661
2;Custom_ResNet;4;kaiming_normal_;;ReLU;500;0.00338822603225708;12.761852
2;Custom_ResNet;4;kaiming_normal_;small;Sigmoid;500;0.0;-1.0218753
2;Custom_ResNet;4;kaiming_normal_;;Sigmoid;500;0.0;-1.0218753
2;Custom_ResNet;4;kaiming_uniform_;small;ReLU;500;0.0027337074279785156;12.903095
2;Custom_ResNet;4;kaiming_uniform_;;ReLU;500;0.0023804903030395508;11.394116
2;Custom_ResNet;4;kaiming_uniform_;small;Sigmoid;500;5.960464477539063e-08;-1.0218753
2;Custom_ResNet;4;kaiming_uniform_;;Sigmoid;500;1.1920928955078125e-07;-1.0218753
2;Custom_ResNet;8;xavier_normal_;small;ReLU;500;0.026472628116607666;11.306627
2;Custom_ResNet;8;xavier_normal_;;ReLU;500;0.040251970291137695;9.944747
2;Custom_ResNet;8;xavier_normal_;small;Sigmoid;500;0.0;-1.0054607
2;Custom_ResNet;8;xavier_normal_;;Sigmoid;500;0.0;-1.0054607
2;Custom_ResNet;8;xavier_uniform_;small;ReLU;500;0.026261866092681885;11.859243
2;Custom_ResNet;8;xavier_uniform_;;ReLU;500;0.04333806037902832;9.019206
2;Custom_ResNet;8;xavier_uniform_;small;Sigmoid;500;1.1920928955078125e-07;-1.0054607
2;Custom_ResNet;8;xavier_uniform_;;Sigmoid;500;0.0;-1.0054607
2;Custom_ResNet;8;kaiming_normal_;small;ReLU;500;0.004567086696624756;12.294187
2;Custom_ResNet;8;kaiming_normal_;;ReLU;500;0.006251990795135498;10.936749
2;Custom_ResNet;8;kaiming_normal_;small;Sigmoid;500;-1.1920928955078125e-07;-1.0054607
2;Custom_ResNet;8;kaiming_normal_;;Sigmoid;500;-1.1920928955078125e-07;-1.0054607
2;Custom_ResNet;8;kaiming_uniform_;small;ReLU;500;0.004164278507232666;11.153392
2;Custom_ResNet;8;kaiming_uniform_;;ReLU;500;0.0052724480628967285;10.89757
2;Custom_ResNet;8;kaiming_uniform_;small;Sigmoid;500;0.0;-1.0054607
2;Custom_ResNet;8;kaiming_uniform_;;Sigmoid;500;-1.1920928955078125e-07;-1.0054607
2;Custom_ResNet;16;xavier_normal_;small;ReLU;500;0.026823759078979492;9.055774
2;Custom_ResNet;16;xavier_normal_;;ReLU;500;0.039434194564819336;7.4847
2;Custom_ResNet;16;xavier_normal_;small;Sigmoid;500;0.0;-1.0135651
2;Custom_ResNet;16;xavier_normal_;;Sigmoid;500;0.0;-1.0135651
2;Custom_ResNet;16;xavier_uniform_;small;ReLU;500;0.030112147331237793;8.504225
2;Custom_ResNet;16;xavier_uniform_;;ReLU;500;0.039995431900024414;6.6383033
2;Custom_ResNet;16;xavier_uniform_;small;Sigmoid;500;0.0;-1.0135651
2;Custom_ResNet;16;xavier_uniform_;;Sigmoid;500;0.0;-1.0135651
2;Custom_ResNet;16;kaiming_normal_;small;ReLU;500;0.004517734050750732;9.998446
2;Custom_ResNet;16;kaiming_normal_;;ReLU;500;0.005632460117340088;9.374253
2;Custom_ResNet;16;kaiming_normal_;small;Sigmoid;500;-1.1920928955078125e-07;-1.0135651
2;Custom_ResNet;16;kaiming_normal_;;Sigmoid;500;-1.1920928955078125e-07;-1.0135651
2;Custom_ResNet;16;kaiming_uniform_;small;ReLU;500;0.0047245025634765625;9.648251
2;Custom_ResNet;16;kaiming_uniform_;;ReLU;500;0.004861354827880859;8.784836
2;Custom_ResNet;16;kaiming_uniform_;small;Sigmoid;500;5.960464477539063e-08;-1.0135651
2;Custom_ResNet;16;kaiming_uniform_;;Sigmoid;500;5.960464477539063e-08;-1.0135651
3;McMahan_CNN;1;xavier_normal_;small;ReLU;500;0.023927927017211914;19.928038
3;McMahan_CNN;1;xavier_normal_;;ReLU;500;0.03864651918411255;17.047028
3;McMahan_CNN;1;xavier_normal_;small;Sigmoid;500;0.0;52.132534
3;McMahan_CNN;1;xavier_normal_;;Sigmoid;500;5.960464477539063e-08;39.787754
3;McMahan_CNN;1;xavier_uniform_;small;ReLU;500;0.03561121225357056;18.545044
3;McMahan_CNN;1;xavier_uniform_;;ReLU;500;0.03538244962692261;15.9798355
3;McMahan_CNN;1;xavier_uniform_;small;Sigmoid;500;2.384185791015625e-07;37.306725
3;McMahan_CNN;1;xavier_uniform_;;Sigmoid;500;2.384185791015625e-07;39.33185
3;McMahan_CNN;1;kaiming_normal_;small;ReLU;500;0.006225168704986572;24.402424
3;McMahan_CNN;1;kaiming_normal_;;ReLU;500;0.002778947353363037;24.584438
3;McMahan_CNN;1;kaiming_normal_;small;Sigmoid;500;0.0;26.91203
3;McMahan_CNN;1;kaiming_normal_;;Sigmoid;500;0.0;28.811733
3;McMahan_CNN;1;kaiming_uniform_;small;ReLU;500;0.011327922344207764;20.399353
3;McMahan_CNN;1;kaiming_uniform_;;ReLU;500;0.010071396827697754;22.28029
3;McMahan_CNN;1;kaiming_uniform_;small;Sigmoid;500;0.0;25.407211
3;McMahan_CNN;1;kaiming_uniform_;;Sigmoid;500;0.0;29.368248
3;McMahan_CNN;2;xavier_normal_;small;ReLU;500;0.05022507905960083;14.126818
3;McMahan_CNN;2;xavier_normal_;;ReLU;500;0.09093326330184937;9.2409115
3;McMahan_CNN;2;xavier_normal_;small;Sigmoid;500;2.384185791015625e-07;39.797432
3;McMahan_CNN;2;xavier_normal_;;Sigmoid;500;4.172325134277344e-07;33.805992
3;McMahan_CNN;2;xavier_uniform_;small;ReLU;500;0.05193674564361572;13.307898
3;McMahan_CNN;2;xavier_uniform_;;ReLU;500;0.05928391218185425;11.277662
3;McMahan_CNN;2;xavier_uniform_;small;Sigmoid;500;3.5762786865234375e-07;32.476994
3;McMahan_CNN;2;xavier_uniform_;;Sigmoid;500;4.172325134277344e-07;33.371906
3;McMahan_CNN;2;kaiming_normal_;small;ReLU;500;0.010588586330413818;21.201126
3;McMahan_CNN;2;kaiming_normal_;;ReLU;500;0.01329946517944336;20.139666
3;McMahan_CNN;2;kaiming_normal_;small;Sigmoid;500;1.1920928955078125e-07;23.973188
3;McMahan_CNN;2;kaiming_normal_;;Sigmoid;500;1.1920928955078125e-07;25.679903
3;McMahan_CNN;2;kaiming_uniform_;small;ReLU;500;0.01664048433303833;17.918262
3;McMahan_CNN;2;kaiming_uniform_;;ReLU;500;0.021496713161468506;18.190224
3;McMahan_CNN;2;kaiming_uniform_;small;Sigmoid;500;2.384185791015625e-07;23.765356
3;McMahan_CNN;2;kaiming_uniform_;;Sigmoid;500;2.384185791015625e-07;25.640587
3;McMahan_CNN;4;xavier_normal_;small;ReLU;500;0.10900485515594482;-2.08178
3;McMahan_CNN;4;xavier_normal_;;ReLU;500;0.08968442678451538;0.6050396
3;McMahan_CNN;4;xavier_normal_;small;Sigmoid;500;8.344650268554688e-07;18.228275
3;McMahan_CNN;4;xavier_normal_;;Sigmoid;500;1.0728836059570312e-06;18.716093
3;McMahan_CNN;4;xavier_uniform_;small;ReLU;500;0.04780620336532593;9.843036
3;McMahan_CNN;4;xavier_uniform_;;ReLU;500;0.06789660453796387;4.8061543
3;McMahan_CNN;4;xavier_uniform_;small;Sigmoid;500;8.344650268554688e-07;18.61893
3;McMahan_CNN;4;xavier_uniform_;;Sigmoid;500;8.940696716308594e-07;18.336473
3;McMahan_CNN;4;kaiming_normal_;small;ReLU;500;0.021728932857513428;12.90931
3;McMahan_CNN;4;kaiming_normal_;;ReLU;500;0.01931661367416382;12.937237
3;McMahan_CNN;4;kaiming_normal_;small;Sigmoid;500;1.7881393432617188e-07;17.513271
3;McMahan_CNN;4;kaiming_normal_;;Sigmoid;500;5.960464477539063e-08;17.521008
3;McMahan_CNN;4;kaiming_uniform_;small;ReLU;500;0.021553456783294678;16.446196
3;McMahan_CNN;4;kaiming_uniform_;;ReLU;500;0.022293448448181152;15.868235
3;McMahan_CNN;4;kaiming_uniform_;small;Sigmoid;500;2.980232238769531e-07;17.198217
3;McMahan_CNN;4;kaiming_uniform_;;Sigmoid;500;1.7881393432617188e-07;17.671465
3;McMahan_CNN;8;xavier_normal_;small;ReLU;500;0.10154420137405396;-1.7115312
3;McMahan_CNN;8;xavier_normal_;;ReLU;500;0.10267865657806396;-3.3122468
3;McMahan_CNN;8;xavier_normal_;small;Sigmoid;500;6.556510925292969e-07;17.941996
3;McMahan_CNN;8;xavier_normal_;;Sigmoid;500;7.748603820800781e-07;18.234806
3;McMahan_CNN;8;xavier_uniform_;small;ReLU;500;0.0685698390007019;2.8439298
3;McMahan_CNN;8;xavier_uniform_;;ReLU;500;0.08258658647537231;0.098572195
3;McMahan_CNN;8;xavier_uniform_;small;Sigmoid;500;7.152557373046875e-07;16.886248
3;McMahan_CNN;8;xavier_uniform_;;Sigmoid;500;8.940696716308594e-07;17.459503
3;McMahan_CNN;8;kaiming_normal_;small;ReLU;500;0.035511016845703125;12.231184
3;McMahan_CNN;8;kaiming_normal_;;ReLU;500;0.036226630210876465;11.989404
3;McMahan_CNN;8;kaiming_normal_;small;Sigmoid;500;4.172325134277344e-07;16.504478
3;McMahan_CNN;8;kaiming_normal_;;Sigmoid;500;2.384185791015625e-07;16.947672
3;McMahan_CNN;8;kaiming_uniform_;small;ReLU;500;0.03880423307418823;12.239177
3;McMahan_CNN;8;kaiming_uniform_;;ReLU;500;0.040137529373168945;12.31323
3;McMahan_CNN;8;kaiming_uniform_;small;Sigmoid;500;2.384185791015625e-07;16.116058
3;McMahan_CNN;8;kaiming_uniform_;;Sigmoid;500;1.7881393432617188e-07;16.464693
3;McMahan_CNN;16;xavier_normal_;small;ReLU;500;0.07622498273849487;-1.2300397
3;McMahan_CNN;16;xavier_normal_;;ReLU;500;0.08296585083007812;-3.5280478
3;McMahan_CNN;16;xavier_normal_;small;Sigmoid;500;2.980232238769531e-07;13.713999
3;McMahan_CNN;16;xavier_normal_;;Sigmoid;500;5.364418029785156e-07;14.046064
3;McMahan_CNN;16;xavier_uniform_;small;ReLU;500;0.056338727474212646;1.2893411
3;McMahan_CNN;16;xavier_uniform_;;ReLU;500;0.06872445344924927;-0.31173247
3;McMahan_CNN;16;xavier_uniform_;small;Sigmoid;500;1.1324882507324219e-06;11.287913
3;McMahan_CNN;16;xavier_uniform_;;Sigmoid;500;1.1324882507324219e-06;12.106169
3;McMahan_CNN;16;kaiming_normal_;small;ReLU;500;0.043731689453125;9.627972
3;McMahan_CNN;16;kaiming_normal_;;ReLU;500;0.040982186794281006;9.898535
3;McMahan_CNN;16;kaiming_normal_;small;Sigmoid;500;2.384185791015625e-07;11.87801
3;McMahan_CNN;16;kaiming_normal_;;Sigmoid;500;2.384185791015625e-07;12.038443
3;McMahan_CNN;16;kaiming_uniform_;small;ReLU;500;0.037416934967041016;9.439347
3;McMahan_CNN;16;kaiming_uniform_;;ReLU;500;0.03946179151535034;9.467129
3;McMahan_CNN;16;kaiming_uniform_;small;Sigmoid;500;3.5762786865234375e-07;12.071894
3;McMahan_CNN;16;kaiming_uniform_;;Sigmoid;500;3.5762786865234375e-07;12.235247
3;Custom_ResNet;1;xavier_normal_;small;ReLU;500;0.009155869483947754;23.617733
3;Custom_ResNet;1;xavier_normal_;;ReLU;500;0.01978743076324463;17.48794
3;Custom_ResNet;1;xavier_normal_;small;Sigmoid;500;0.0;-0.86800146
3;Custom_ResNet;1;xavier_normal_;;Sigmoid;500;0.0;-0.8680005
3;Custom_ResNet;1;xavier_uniform_;small;ReLU;500;0.009465634822845459;22.028046
3;Custom_ResNet;1;xavier_uniform_;;ReLU;500;0.02079296112060547;16.19457
3;Custom_ResNet;1;xavier_uniform_;small;Sigmoid;500;5.960464477539063e-08;-0.86800146
3;Custom_ResNet;1;xavier_uniform_;;Sigmoid;500;5.960464477539063e-08;-0.86800146
3;Custom_ResNet;1;kaiming_normal_;small;ReLU;500;0.0013971924781799316;23.185394
3;Custom_ResNet;1;kaiming_normal_;;ReLU;500;0.001468062400817871;23.285027
3;Custom_ResNet;1;kaiming_normal_;small;Sigmoid;500;0.0;-0.8680018
3;Custom_ResNet;1;kaiming_normal_;;Sigmoid;500;0.0;-0.8680018
3;Custom_ResNet;1;kaiming_uniform_;small;ReLU;500;0.0007748007774353027;25.593224
3;Custom_ResNet;1;kaiming_uniform_;;ReLU;500;0.0012247562408447266;24.729229
3;Custom_ResNet;1;kaiming_uniform_;small;Sigmoid;500;0.0;-0.8680024
3;Custom_ResNet;1;kaiming_uniform_;;Sigmoid;500;0.0;-0.8680024
3;Custom_ResNet;2;xavier_normal_;small;ReLU;500;0.013634264469146729;18.452782
3;Custom_ResNet;2;xavier_normal_;;ReLU;500;0.02844005823135376;12.533727
3;Custom_ResNet;2;xavier_normal_;small;Sigmoid;500;5.960464477539063e-08;-1.0319704
3;Custom_ResNet;2;xavier_normal_;;Sigmoid;500;0.0;-1.0319704
3;Custom_ResNet;2;xavier_uniform_;small;ReLU;500;0.017331957817077637;16.146658
3;Custom_ResNet;2;xavier_uniform_;;ReLU;500;0.036212146282196045;11.259106
3;Custom_ResNet;2;xavier_uniform_;small;Sigmoid;500;5.960464477539063e-08;-1.0319704
3;Custom_ResNet;2;xavier_uniform_;;Sigmoid;500;1.1920928955078125e-07;-1.03197
3;Custom_ResNet;2;kaiming_normal_;small;ReLU;500;0.0017362236976623535;21.288826
3;Custom_ResNet;2;kaiming_normal_;;ReLU;500;0.002184927463531494;19.866093
3;Custom_ResNet;2;kaiming_normal_;small;Sigmoid;500;0.0;-1.0319707
3;Custom_ResNet;2;kaiming_normal_;;Sigmoid;500;0.0;-1.0319707
3;Custom_ResNet;2;kaiming_uniform_;small;ReLU;500;0.0014181137084960938;22.240269
3;Custom_ResNet;2;kaiming_uniform_;;ReLU;500;0.002367734909057617;19.163445
3;Custom_ResNet;2;kaiming_uniform_;small;Sigmoid;500;0.0;-1.0319707
3;Custom_ResNet;2;kaiming_uniform_;;Sigmoid;500;0.0;-1.0319707
3;Custom_ResNet;4;xavier_normal_;small;ReLU;500;0.019814670085906982;14.431682
3;Custom_ResNet;4;xavier_normal_;;ReLU;500;0.025851845741271973;11.759937
3;Custom_ResNet;4;xavier_normal_;small;Sigmoid;500;0.0;-0.92105025
3;Custom_ResNet;4;xavier_normal_;;Sigmoid;500;0.0;-0.92105025
3;Custom_ResNet;4;xavier_uniform_;small;ReLU;500;0.013946294784545898;14.191521
3;Custom_ResNet;4;xavier_uniform_;;ReLU;500;0.026263713836669922;10.309424
3;Custom_ResNet;4;xavier_uniform_;small;Sigmoid;500;0.0;-0.92105025
3;Custom_ResNet;4;xavier_uniform_;;Sigmoid;500;0.0;-0.9210501
3;Custom_ResNet;4;kaiming_normal_;small;ReLU;500;0.0027991533279418945;12.026755
3;Custom_ResNet;4;kaiming_normal_;;ReLU;500;0.0035050511360168457;11.393209
3;Custom_ResNet;4;kaiming_normal_;small;Sigmoid;500;5.960464477539063e-08;-0.92105025
3;Custom_ResNet;4;kaiming_normal_;;Sigmoid;500;5.960464477539063e-08;-0.92105025
3;Custom_ResNet;4;kaiming_uniform_;small;ReLU;500;0.002500295639038086;15.452946
3;Custom_ResNet;4;kaiming_uniform_;;ReLU;500;0.0032359957695007324;13.202066
3;Custom_ResNet;4;kaiming_uniform_;small;Sigmoid;500;-1.1920928955078125e-07;-0.92105025
3;Custom_ResNet;4;kaiming_uniform_;;Sigmoid;500;-1.1920928955078125e-07;-0.92105025
3;Custom_ResNet;8;xavier_normal_;small;ReLU;500;0.02927297353744507;11.007019
3;Custom_ResNet;8;xavier_normal_;;ReLU;500;0.04344534873962402;8.877464
3;Custom_ResNet;8;xavier_normal_;small;Sigmoid;500;0.0;-0.92735064
3;Custom_ResNet;8;xavier_normal_;;Sigmoid;500;1.1920928955078125e-07;-0.92735064
3;Custom_ResNet;8;xavier_uniform_;small;ReLU;500;0.03326219320297241;10.742239
3;Custom_ResNet;8;xavier_uniform_;;ReLU;500;0.04699873924255371;7.943488
3;Custom_ResNet;8;xavier_uniform_;small;Sigmoid;500;5.960464477539063e-08;-0.92735064
3;Custom_ResNet;8;xavier_uniform_;;Sigmoid;500;5.960464477539063e-08;-0.92735064
3;Custom_ResNet;8;kaiming_normal_;small;ReLU;500;0.005695939064025879;11.038263
3;Custom_ResNet;8;kaiming_normal_;;ReLU;500;0.0064598917961120605;10.628014
3;Custom_ResNet;8;kaiming_normal_;small;Sigmoid;500;0.0;-0.92735064
3;Custom_ResNet;8;kaiming_normal_;;Sigmoid;500;0.0;-0.92735064
3;Custom_ResNet;8;kaiming_uniform_;small;ReLU;500;0.0052831172943115234;11.320444
3;Custom_ResNet;8;kaiming_uniform_;;ReLU;500;0.006404578685760498;9.826262
3;Custom_ResNet;8;kaiming_uniform_;small;Sigmoid;500;0.0;-0.92735064
3;Custom_ResNet;8;kaiming_uniform_;;Sigmoid;500;-1.1920928955078125e-07;-0.92735064
3;Custom_ResNet;16;xavier_normal_;small;ReLU;500;0.03015446662902832;8.136663
3;Custom_ResNet;16;xavier_normal_;;ReLU;500;0.03468257188796997;7.5857706
3;Custom_ResNet;16;xavier_normal_;small;Sigmoid;500;0.0;-1.0074983
3;Custom_ResNet;16;xavier_normal_;;Sigmoid;500;0.0;-1.0074983
3;Custom_ResNet;16;xavier_uniform_;small;ReLU;500;0.028154194355010986;7.555505
3;Custom_ResNet;16;xavier_uniform_;;ReLU;500;0.03564143180847168;6.486558
3;Custom_ResNet;16;xavier_uniform_;small;Sigmoid;500;0.0;-1.0074983
3;Custom_ResNet;16;xavier_uniform_;;Sigmoid;500;0.0;-1.0074983
3;Custom_ResNet;16;kaiming_normal_;small;ReLU;500;0.004915714263916016;9.63549
3;Custom_ResNet;16;kaiming_normal_;;ReLU;500;0.005047321319580078;9.363062
3;Custom_ResNet;16;kaiming_normal_;small;Sigmoid;500;1.1920928955078125e-07;-1.0074983
3;Custom_ResNet;16;kaiming_normal_;;Sigmoid;500;0.0;-1.0074983
3;Custom_ResNet;16;kaiming_uniform_;small;ReLU;500;0.004951596260070801;9.171763
3;Custom_ResNet;16;kaiming_uniform_;;ReLU;500;0.005014300346374512;8.750832
3;Custom_ResNet;16;kaiming_uniform_;small;Sigmoid;500;0.0;-1.0074983
3;Custom_ResNet;16;kaiming_uniform_;;Sigmoid;500;0.0;-1.0074983
4;McMahan_CNN;1;xavier_normal_;small;ReLU;500;0.013620078563690186;20.428621
4;McMahan_CNN;1;xavier_normal_;;ReLU;500;0.02344810962677002;18.483051
4;McMahan_CNN;1;xavier_normal_;small;Sigmoid;500;0.0;47.440804
4;McMahan_CNN;1;xavier_normal_;;Sigmoid;500;2.384185791015625e-07;38.421635
4;McMahan_CNN;1;xavier_uniform_;small;ReLU;500;0.03457146883010864;21.080757
4;McMahan_CNN;1;xavier_uniform_;;ReLU;500;0.07935607433319092;16.593777
4;McMahan_CNN;1;xavier_uniform_;small;Sigmoid;500;5.960464477539063e-08;49.53319
4;McMahan_CNN;1;xavier_uniform_;;Sigmoid;500;2.384185791015625e-07;38.38532
4;McMahan_CNN;1;kaiming_normal_;small;ReLU;500;0.003013908863067627;22.436005
4;McMahan_CNN;1;kaiming_normal_;;ReLU;500;0.0015435218811035156;24.815283
4;McMahan_CNN;1;kaiming_normal_;small;Sigmoid;500;1.1920928955078125e-07;25.494614
4;McMahan_CNN;1;kaiming_normal_;;Sigmoid;500;2.384185791015625e-07;29.048115
4;McMahan_CNN;1;kaiming_uniform_;small;ReLU;500;0.008152186870574951;23.298676
4;McMahan_CNN;1;kaiming_uniform_;;ReLU;500;0.005952000617980957;22.474192
4;McMahan_CNN;1;kaiming_uniform_;small;Sigmoid;500;1.1920928955078125e-07;24.941177
4;McMahan_CNN;1;kaiming_uniform_;;Sigmoid;500;0.0;29.53033
4;McMahan_CNN;2;xavier_normal_;small;ReLU;500;0.03158193826675415;13.770866
4;McMahan_CNN;2;xavier_normal_;;ReLU;500;0.042931437492370605;11.73373
4;McMahan_CNN;2;xavier_normal_;small;Sigmoid;500;1.7881393432617188e-07;32.953934
4;McMahan_CNN;2;xavier_normal_;;Sigmoid;500;2.980232238769531e-07;33.210556
4;McMahan_CNN;2;xavier_uniform_;small;ReLU;500;0.04169332981109619;16.472172
4;McMahan_CNN;2;xavier_uniform_;;ReLU;500;0.08262240886688232;11.258957
4;McMahan_CNN;2;xavier_uniform_;small;Sigmoid;500;2.384185791015625e-07;40.250675
4;McMahan_CNN;2;xavier_uniform_;;Sigmoid;500;5.364418029785156e-07;32.096985
4;McMahan_CNN;2;kaiming_normal_;small;ReLU;500;0.008784592151641846;20.064156
4;McMahan_CNN;2;kaiming_normal_;;ReLU;500;0.0049874186515808105;20.680098
4;McMahan_CNN;2;kaiming_normal_;small;Sigmoid;500;1.1920928955078125e-07;23.112839
4;McMahan_CNN;2;kaiming_normal_;;Sigmoid;500;2.384185791015625e-07;25.160723
4;McMahan_CNN;2;kaiming_uniform_;small;ReLU;500;0.015765011310577393;20.150764
4;McMahan_CNN;2;kaiming_uniform_;;ReLU;500;0.023929834365844727;19.692196
4;McMahan_CNN;2;kaiming_uniform_;small;Sigmoid;500;1.7881393432617188e-07;23.006786
4;McMahan_CNN;2;kaiming_uniform_;;Sigmoid;500;1.7881393432617188e-07;25.024944
4;McMahan_CNN;4;xavier_normal_;small;ReLU;500;0.0589594841003418;3.20508
4;McMahan_CNN;4;xavier_normal_;;ReLU;500;0.06886410713195801;0.37889516
4;McMahan_CNN;4;xavier_normal_;small;Sigmoid;500;6.556510925292969e-07;18.725422
4;McMahan_CNN;4;xavier_normal_;;Sigmoid;500;1.0132789611816406e-06;18.45848
4;McMahan_CNN;4;xavier_uniform_;small;ReLU;500;0.05512547492980957;11.452189
4;McMahan_CNN;4;xavier_uniform_;;ReLU;500;0.0698162317276001;8.18057
4;McMahan_CNN;4;xavier_uniform_;small;Sigmoid;500;8.940696716308594e-07;18.119095
4;McMahan_CNN;4;xavier_uniform_;;Sigmoid;500;1.3113021850585938e-06;17.773085
4;McMahan_CNN;4;kaiming_normal_;small;ReLU;500;0.018211841583251953;17.287716
4;McMahan_CNN;4;kaiming_normal_;;ReLU;500;0.01640719175338745;17.294117
4;McMahan_CNN;4;kaiming_normal_;small;Sigmoid;500;2.384185791015625e-07;17.053242
4;McMahan_CNN;4;kaiming_normal_;;Sigmoid;500;1.7881393432617188e-07;17.247845
4;McMahan_CNN;4;kaiming_uniform_;small;ReLU;500;0.0185089111328125;17.64459
4;McMahan_CNN;4;kaiming_uniform_;;ReLU;500;0.020450353622436523;17.325174
4;McMahan_CNN;4;kaiming_uniform_;small;Sigmoid;500;2.384185791015625e-07;17.266113
4;McMahan_CNN;4;kaiming_uniform_;;Sigmoid;500;2.384185791015625e-07;17.5952
4;McMahan_CNN;8;xavier_normal_;small;ReLU;500;0.0902637243270874;-3.4342284
4;McMahan_CNN;8;xavier_normal_;;ReLU;500;0.10612863302230835;-3.798108
4;McMahan_CNN;8;xavier_normal_;small;Sigmoid;500;7.152557373046875e-07;14.89544
4;McMahan_CNN;8;xavier_normal_;;Sigmoid;500;7.152557373046875e-07;15.684514
4;McMahan_CNN;8;xavier_uniform_;small;ReLU;500;0.11598455905914307;3.5217779
4;McMahan_CNN;8;xavier_uniform_;;ReLU;500;0.12756693363189697;-3.3653913
4;McMahan_CNN;8;xavier_uniform_;small;Sigmoid;500;1.0132789611816406e-06;17.904558
4;McMahan_CNN;8;xavier_uniform_;;Sigmoid;500;1.1920928955078125e-06;17.926237
4;McMahan_CNN;8;kaiming_normal_;small;ReLU;500;0.03274565935134888;14.298146
4;McMahan_CNN;8;kaiming_normal_;;ReLU;500;0.046327173709869385;12.557365
4;McMahan_CNN;8;kaiming_normal_;small;Sigmoid;500;1.7881393432617188e-07;15.553638
4;McMahan_CNN;8;kaiming_normal_;;Sigmoid;500;2.384185791015625e-07;15.776386
4;McMahan_CNN;8;kaiming_uniform_;small;ReLU;500;0.04321569204330444;14.040041
4;McMahan_CNN;8;kaiming_uniform_;;ReLU;500;0.03884333372116089;13.522863
4;McMahan_CNN;8;kaiming_uniform_;small;Sigmoid;500;2.980232238769531e-07;16.308893
4;McMahan_CNN;8;kaiming_uniform_;;Sigmoid;500;2.384185791015625e-07;16.573914
4;McMahan_CNN;16;xavier_normal_;small;ReLU;500;0.07995760440826416;-3.1530914
4;McMahan_CNN;16;xavier_normal_;;ReLU;500;0.08874833583831787;-4.083865
4;McMahan_CNN;16;xavier_normal_;small;Sigmoid;500;1.1324882507324219e-06;9.068231
4;McMahan_CNN;16;xavier_normal_;;Sigmoid;500;1.1324882507324219e-06;9.891846
4;McMahan_CNN;16;xavier_uniform_;small;ReLU;500;0.106067955493927;0.9756564
4;McMahan_CNN;16;xavier_uniform_;;ReLU;500;0.110562264919281;-4.0072536
4;McMahan_CNN;16;xavier_uniform_;small;Sigmoid;500;8.344650268554688e-07;12.8175955
4;McMahan_CNN;16;xavier_uniform_;;Sigmoid;500;6.556510925292969e-07;13.217433
4;McMahan_CNN;16;kaiming_normal_;small;ReLU;500;0.04372608661651611;9.0878105
4;McMahan_CNN;16;kaiming_normal_;;ReLU;500;0.04255706071853638;9.375838
4;McMahan_CNN;16;kaiming_normal_;small;Sigmoid;500;4.76837158203125e-07;11.515774
4;McMahan_CNN;16;kaiming_normal_;;Sigmoid;500;3.5762786865234375e-07;11.763801
4;McMahan_CNN;16;kaiming_uniform_;small;ReLU;500;0.045057058334350586;11.37895
4;McMahan_CNN;16;kaiming_uniform_;;ReLU;500;0.041631221771240234;10.254181
4;McMahan_CNN;16;kaiming_uniform_;small;Sigmoid;500;2.980232238769531e-07;11.162054
4;McMahan_CNN;16;kaiming_uniform_;;Sigmoid;500;1.7881393432617188e-07;11.361241
4;Custom_ResNet;1;xavier_normal_;small;ReLU;500;0.011576056480407715;19.060513
4;Custom_ResNet;1;xavier_normal_;;ReLU;500;0.0162314772605896;16.968534
4;Custom_ResNet;1;xavier_normal_;small;Sigmoid;500;5.960464477539063e-08;-0.8032539
4;Custom_ResNet;1;xavier_normal_;;Sigmoid;500;1.1920928955078125e-07;-0.8032539
4;Custom_ResNet;1;xavier_uniform_;small;ReLU;500;0.007714271545410156;21.041939
4;Custom_ResNet;1;xavier_uniform_;;ReLU;500;0.013212859630584717;18.333591
4;Custom_ResNet;1;xavier_uniform_;small;Sigmoid;500;5.960464477539063e-08;-0.8032542
4;Custom_ResNet;1;xavier_uniform_;;Sigmoid;500;0.0;-0.8032539
4;Custom_ResNet;1;kaiming_normal_;small;ReLU;500;0.0012322068214416504;23.774708
4;Custom_ResNet;1;kaiming_normal_;;ReLU;500;0.001460731029510498;22.399199
4;Custom_ResNet;1;kaiming_normal_;small;Sigmoid;500;0.0;-0.80325484
4;Custom_ResNet;1;kaiming_normal_;;Sigmoid;500;0.0;-0.80325484
4;Custom_ResNet;1;kaiming_uniform_;small;ReLU;500;0.0010271668434143066;28.322336
4;Custom_ResNet;1;kaiming_uniform_;;ReLU;500;0.0012168288230895996;25.236635
4;Custom_ResNet;1;kaiming_uniform_;small;Sigmoid;500;0.0;-0.80325514
4;Custom_ResNet;1;kaiming_uniform_;;Sigmoid;500;0.0;-0.80325514
4;Custom_ResNet;2;xavier_normal_;small;ReLU;500;0.016408264636993408;14.922962
4;Custom_ResNet;2;xavier_normal_;;ReLU;500;0.02631288766860962;12.591523
4;Custom_ResNet;2;xavier_normal_;small;Sigmoid;500;-2.384185791015625e-07;-1.0314469
4;Custom_ResNet;2;xavier_normal_;;Sigmoid;500;-2.384185791015625e-07;-1.0314467
4;Custom_ResNet;2;xavier_uniform_;small;ReLU;500;0.009936511516571045;20.038498
4;Custom_ResNet;2;xavier_uniform_;;ReLU;500;0.026115894317626953;12.40662
4;Custom_ResNet;2;xavier_uniform_;small;Sigmoid;500;5.960464477539063e-08;-1.0314472
4;Custom_ResNet;2;xavier_uniform_;;Sigmoid;500;5.960464477539063e-08;-1.0314468
4;Custom_ResNet;2;kaiming_normal_;small;ReLU;500;0.002832353115081787;17.251266
4;Custom_ResNet;2;kaiming_normal_;;ReLU;500;0.0033513903617858887;15.97357
4;Custom_ResNet;2;kaiming_normal_;small;Sigmoid;500;0.0;-1.0314479
4;Custom_ResNet;2;kaiming_normal_;;Sigmoid;500;0.0;-1.0314479
4;Custom_ResNet;2;kaiming_uniform_;small;ReLU;500;0.001515507698059082;23.963844
4;Custom_ResNet;2;kaiming_uniform_;;ReLU;500;0.0018683671951293945;21.656115
4;Custom_ResNet;2;kaiming_uniform_;small;Sigmoid;500;-1.1920928955078125e-07;-1.0314479
4;Custom_ResNet;2;kaiming_uniform_;;Sigmoid;500;-1.1920928955078125e-07;-1.0314479
4;Custom_ResNet;4;xavier_normal_;small;ReLU;500;0.01443171501159668;9.344763
4;Custom_ResNet;4;xavier_normal_;;ReLU;500;0.02034139633178711;10.155222
4;Custom_ResNet;4;xavier_normal_;small;Sigmoid;500;0.0;-1.0798974
4;Custom_ResNet;4;xavier_normal_;;Sigmoid;500;0.0;-1.0798974
4;Custom_ResNet;4;xavier_uniform_;small;ReLU;500;0.011451423168182373;14.7318325
4;Custom_ResNet;4;xavier_uniform_;;ReLU;500;0.02246701717376709;10.564628
4;Custom_ResNet;4;xavier_uniform_;small;Sigmoid;500;0.0;-1.0798976
4;Custom_ResNet;4;xavier_uniform_;;Sigmoid;500;5.960464477539063e-08;-1.0798974
4;Custom_ResNet;4;kaiming_normal_;small;ReLU;500;0.0029636621475219727;13.679125
4;Custom_ResNet;4;kaiming_normal_;;ReLU;500;0.0035497546195983887;13.479488
4;Custom_ResNet;4;kaiming_normal_;small;Sigmoid;500;1.1920928955078125e-07;-1.0798976
4;Custom_ResNet;4;kaiming_normal_;;Sigmoid;500;0.0;-1.0798976
4;Custom_ResNet;4;kaiming_uniform_;small;ReLU;500;0.0023995637893676758;16.588873
4;Custom_ResNet;4;kaiming_uniform_;;ReLU;500;0.0028880834579467773;15.738671
4;Custom_ResNet;4;kaiming_uniform_;small;Sigmoid;500;0.0;-1.0798976
4;Custom_ResNet;4;kaiming_uniform_;;Sigmoid;500;0.0;-1.0798976
4;Custom_ResNet;8;xavier_normal_;small;ReLU;500;0.03502160310745239;8.57521
4;Custom_ResNet;8;xavier_normal_;;ReLU;500;0.04088383913040161;7.608029
4;Custom_ResNet;8;xavier_normal_;small;Sigmoid;500;0.0;-0.98752916
4;Custom_ResNet;8;xavier_normal_;;Sigmoid;500;0.0;-0.9875291
4;Custom_ResNet;8;xavier_uniform_;small;ReLU;500;0.023779869079589844;9.580528
4;Custom_ResNet;8;xavier_uniform_;;ReLU;500;0.0365753173828125;7.2616053
4;Custom_ResNet;8;xavier_uniform_;small;Sigmoid;500;0.0;-0.9875292
4;Custom_ResNet;8;xavier_uniform_;;Sigmoid;500;0.0;-0.98752916
4;Custom_ResNet;8;kaiming_normal_;small;ReLU;500;0.006304144859313965;10.561144
4;Custom_ResNet;8;kaiming_normal_;;ReLU;500;0.006915628910064697;10.280485
4;Custom_ResNet;8;kaiming_normal_;small;Sigmoid;500;-1.1920928955078125e-07;-0.9875293
4;Custom_ResNet;8;kaiming_normal_;;Sigmoid;500;-1.1920928955078125e-07;-0.9875293
4;Custom_ResNet;8;kaiming_uniform_;small;ReLU;500;0.005719900131225586;12.215458
4;Custom_ResNet;8;kaiming_uniform_;;ReLU;500;0.005185365676879883;12.053437
4;Custom_ResNet;8;kaiming_uniform_;small;Sigmoid;500;0.0;-0.9875293
4;Custom_ResNet;8;kaiming_uniform_;;Sigmoid;500;0.0;-0.9875293
4;Custom_ResNet;16;xavier_normal_;small;ReLU;500;0.026219725608825684;6.7184825
4;Custom_ResNet;16;xavier_normal_;;ReLU;500;0.030809104442596436;6.0834513
4;Custom_ResNet;16;xavier_normal_;small;Sigmoid;500;5.960464477539063e-08;-1.0459399
4;Custom_ResNet;16;xavier_normal_;;Sigmoid;500;0.0;-1.0459399
4;Custom_ResNet;16;xavier_uniform_;small;ReLU;500;0.019947171211242676;7.393384
4;Custom_ResNet;16;xavier_uniform_;;ReLU;500;0.02918112277984619;6.00493
4;Custom_ResNet;16;xavier_uniform_;small;Sigmoid;500;1.1920928955078125e-07;-1.0459399
4;Custom_ResNet;16;xavier_uniform_;;Sigmoid;500;1.1920928955078125e-07;-1.0459399
4;Custom_ResNet;16;kaiming_normal_;small;ReLU;500;0.004913330078125;8.594469
4;Custom_ResNet;16;kaiming_normal_;;ReLU;500;0.0051694512367248535;8.28529
4;Custom_ResNet;16;kaiming_normal_;small;Sigmoid;500;-1.1920928955078125e-07;-1.0459399
4;Custom_ResNet;16;kaiming_normal_;;Sigmoid;500;-1.1920928955078125e-07;-1.0459399
4;Custom_ResNet;16;kaiming_uniform_;small;ReLU;500;0.004624366760253906;9.245222
4;Custom_ResNet;16;kaiming_uniform_;;ReLU;500;0.004999339580535889;8.594398
4;Custom_ResNet;16;kaiming_uniform_;small;Sigmoid;500;-1.1920928955078125e-07;-1.0459399
4;Custom_ResNet;16;kaiming_uniform_;;Sigmoid;500;-1.1920928955078125e-07;-1.0459399
5;McMahan_CNN;1;xavier_normal_;small;ReLU;500;0.04068863391876221;19.866604
5;McMahan_CNN;1;xavier_normal_;;ReLU;500;0.06454461812973022;17.756336
5;McMahan_CNN;1;xavier_normal_;small;Sigmoid;500;0.0;47.37552
5;McMahan_CNN;1;xavier_normal_;;Sigmoid;500;1.1920928955078125e-07;38.99923
5;McMahan_CNN;1;xavier_uniform_;small;ReLU;500;0.02256011962890625;23.991192
5;McMahan_CNN;1;xavier_uniform_;;ReLU;500;0.04623836278915405;18.26991
5;McMahan_CNN;1;xavier_uniform_;small;Sigmoid;500;1.1920928955078125e-07;40.698147
5;McMahan_CNN;1;xavier_uniform_;;Sigmoid;500;0.0;38.468136
5;McMahan_CNN;1;kaiming_normal_;small;ReLU;500;0.004083514213562012;23.07071
5;McMahan_CNN;1;kaiming_normal_;;ReLU;500;0.004710257053375244;25.108006
5;McMahan_CNN;1;kaiming_normal_;small;Sigmoid;500;2.384185791015625e-07;28.183125
5;McMahan_CNN;1;kaiming_normal_;;Sigmoid;500;2.384185791015625e-07;30.239733
5;McMahan_CNN;1;kaiming_uniform_;small;ReLU;500;0.0019007325172424316;26.887255
5;McMahan_CNN;1;kaiming_uniform_;;ReLU;500;0.008394420146942139;28.166315
5;McMahan_CNN;1;kaiming_uniform_;small;Sigmoid;500;1.1920928955078125e-07;25.087664
5;McMahan_CNN;1;kaiming_uniform_;;Sigmoid;500;0.0;29.30988
5;McMahan_CNN;2;xavier_normal_;small;ReLU;500;0.0646892786026001;14.420723
5;McMahan_CNN;2;xavier_normal_;;ReLU;500;0.06587058305740356;8.594345
5;McMahan_CNN;2;xavier_normal_;small;Sigmoid;500;2.384185791015625e-07;40.986523
5;McMahan_CNN;2;xavier_normal_;;Sigmoid;500;5.364418029785156e-07;32.51957
5;McMahan_CNN;2;xavier_uniform_;small;ReLU;500;0.03427809476852417;18.26271
5;McMahan_CNN;2;xavier_uniform_;;ReLU;500;0.06298017501831055;10.405008
5;McMahan_CNN;2;xavier_uniform_;small;Sigmoid;500;0.0;37.614006
5;McMahan_CNN;2;xavier_uniform_;;Sigmoid;500;3.5762786865234375e-07;32.45034
5;McMahan_CNN;2;kaiming_normal_;small;ReLU;500;0.016802489757537842;21.20414
5;McMahan_CNN;2;kaiming_normal_;;ReLU;500;0.013202667236328125;22.084541
5;McMahan_CNN;2;kaiming_normal_;small;Sigmoid;500;1.1920928955078125e-07;23.991005
5;McMahan_CNN;2;kaiming_normal_;;Sigmoid;500;1.1920928955078125e-07;25.766724
5;McMahan_CNN;2;kaiming_uniform_;small;ReLU;500;0.011741459369659424;22.283371
5;McMahan_CNN;2;kaiming_uniform_;;ReLU;500;0.013607561588287354;22.005142
5;McMahan_CNN;2;kaiming_uniform_;small;Sigmoid;500;1.7881393432617188e-07;21.489305
5;McMahan_CNN;2;kaiming_uniform_;;Sigmoid;500;1.7881393432617188e-07;23.283653
5;McMahan_CNN;4;xavier_normal_;small;ReLU;500;0.06991642713546753;3.0590143
5;McMahan_CNN;4;xavier_normal_;;ReLU;500;0.0631633996963501;6.9871187
5;McMahan_CNN;4;xavier_normal_;small;Sigmoid;500;9.5367431640625e-07;19.062252
5;McMahan_CNN;4;xavier_normal_;;Sigmoid;500;9.5367431640625e-07;19.90372
5;McMahan_CNN;4;xavier_uniform_;small;ReLU;500;0.0639268159866333;8.092436
5;McMahan_CNN;4;xavier_uniform_;;ReLU;500;0.0856660008430481;4.582849
5;McMahan_CNN;4;xavier_uniform_;small;Sigmoid;500;5.960464477539062e-07;18.785606
5;McMahan_CNN;4;xavier_uniform_;;Sigmoid;500;7.152557373046875e-07;18.805492
5;McMahan_CNN;4;kaiming_normal_;small;ReLU;500;0.023793280124664307;13.103296
5;McMahan_CNN;4;kaiming_normal_;;ReLU;500;0.018899977207183838;12.975417
5;McMahan_CNN;4;kaiming_normal_;small;Sigmoid;500;2.980232238769531e-07;17.337404
5;McMahan_CNN;4;kaiming_normal_;;Sigmoid;500;2.980232238769531e-07;17.6007
5;McMahan_CNN;4;kaiming_uniform_;small;ReLU;500;0.012109100818634033;14.385254
5;McMahan_CNN;4;kaiming_uniform_;;ReLU;500;0.014386117458343506;14.1913395
